,Income,DebtRatio,Age,CreditScore,Default
0,55960.56983613479,0.4229586206658006,38.328819196831454,679.4996737491851,1
1,48340.82838594578,0.3853891523344559,41.46713686433323,688.8691818980222,0
2,57772.26245720831,0.2780483629489231,52.06508966508357,768.8948989430482,0
3,68276.3582768963,0.5932576243964899,31.83064329012764,682.9231363647173,0
4,47190.15950331997,0.4028874096784436,43.686733088729014,685.0762304185587,0
5,47190.356516609834,0.21861339586799725,36.06661187672639,742.9683024606736,0
6,68950.5537860887,0.15089123631020188,40.28744822934817,786.8398226528958,0
7,59209.2167498349,0.17642956959216602,52.78451862607299,770.5619171284711,0
8,44366.30736878057,0.22297886419225407,41.910990680199035,754.5922696771989,0
9,56510.720523031574,0.18034068662977784,40.46436548156149,724.8799995493962,0
10,44438.98768625045,0.1932835120256529,26.401438590200808,690.0126213324763,0
11,44411.242957156916,0.24254758434692356,47.46253566027221,767.687893373118,0
12,52903.54725879241,0.18668679764737742,46.45484181141075,735.0808470240006,0
13,27040.637064106424,0.5483827123132126,61.6325472330546,680.3720323788506,0
14,29300.986009843607,0.1401168728308211,36.92221765046999,758.2927264396378,0
15,43252.549649108325,0.3622556947851273,42.19150327663939,726.1328582184076,0
16,37846.026555986915,0.3051984134948308,42.49383683710755,726.2971243460038,0
17,53770.96799114328,0.5911893084543032,55.77453279763475,754.0863823997428,0
18,39103.71109374547,0.15601945108402618,39.047044676130476,715.996201323475,0
19,33052.3555839765,0.29892779952287085,42.790215257703395,735.1616593553194,0
20,67587.78522705864,0.5847352166376845,46.078965097165394,708.3668128561346,0
21,47290.68439416157,0.5327535629469902,41.86609123156358,701.5499725490537,0
22,50810.338456255085,0.50853603547464,35.535663854494715,735.603489095608,0
23,32903.02176543852,0.22895141352246992,41.94089992898308,732.5145916613865,0
24,43467.40730569781,0.18544379369503292,50.73631749859772,751.346231326694,0
25,51331.07107651839,0.43432160996221547,29.7348470058894,730.6263706014386,0
26,36188.07707093237,0.5646879945637929,41.32969674146876,672.728932441253,1
27,54508.376220148064,0.3783814465069649,32.99879185060827,693.7200816371117,0
28,42792.33572097434,0.3858063447349499,51.950466289248425,687.792110502684,0
29,46499.67500248068,0.2399895468301421,24.768130952162252,671.6261451240485,1
30,42779.52065324724,0.48474646659596843,34.410781527284115,744.6646095432317,0
31,72227.33821410725,0.1935218742787617,43.772118750645205,728.8650958901148,0
32,49838.033303144795,0.26183961820212187,55.65524029234341,730.7459520147887,0
33,37307.46885252919,0.3127182193082084,39.34249738927012,705.0707049624503,0
34,59870.538945238266,0.3538051893422275,34.44800473306802,730.3489782468848,0
35,35349.87620034773,0.22120486620754012,58.8115706944059,751.5345326760587,0
36,52506.36314005707,0.15741841236960177,25.51986099583756,757.3866487346057,0
37,26483.958513442692,0.4053100212208163,18.011940433799182,666.9789985169324,1
38,34061.76741321883,0.2443152766201279,44.40014450053332,715.9536101417661,0
39,52362.334830429485,0.39061911071130617,34.97945775647389,719.5698022194313,0
40,58861.598959944924,0.17718135763710116,29.78767182869287,734.5040740112617,0
41,52056.41937427965,0.3405700509274088,47.08356447299353,764.5021510251313,0
42,48612.220611341116,0.3662947162757929,42.43800713771199,728.4277878957901,0
43,46386.755652928536,0.12591176841121346,34.359213692632714,757.5515438105591,0
44,32257.736115590873,0.2683021390969603,27.196956013291057,723.7804419241684,0
45,41361.8694992635,0.16720733846948713,48.724573282801444,766.7237480616062,0
46,44472.33474848255,0.13168748523638388,46.50201177958661,747.551914427806,0
47,62685.46671462699,0.5949801161949726,39.00824136220617,665.8340814105119,1
48,54123.41947482154,0.26117692248736146,58.466369960476655,751.1828886554281,0
49,28843.51813564719,0.5049372229273175,29.299152336738473,660.8480015808132,1
50,53889.00763273754,0.22732032738188193,24.74474829075261,714.9897239219965,0
51,45379.012635004205,0.44075136111196467,33.080919301187556,714.6126068940387,0
52,41876.935996328495,0.48011392994484325,39.54413983644502,726.617023907745,0
53,57340.115466090414,0.3978193703039221,42.43339449322692,719.8822546014167,0
54,62371.994269951414,0.33578809427507916,37.5876394214367,736.1176691286441,0
55,61175.36142939438,0.30592045707363424,43.520553965142966,776.5454848931319,0
56,39929.389721328334,0.2744341332714977,27.48460575809556,718.772548150745,0
57,46289.451489785424,0.564764572123913,54.437646040732595,761.520713411835,0
58,53975.16117684277,0.5153097038938645,39.178488216074314,715.0699497230363,0
59,61706.54152546831,0.5825134553332563,51.172958315881274,661.0310287594291,1
60,44249.90914585652,0.16214861174277237,43.42725346377704,756.4892611670543,0
61,47772.092280034194,0.46543373760182216,44.567532191537836,714.178351029647,0
62,36723.98031192766,0.5691702284105189,45.69767280232204,716.1714120935096,0
63,35645.52051103195,0.19061653308283008,44.47708560017315,744.7105090207215,0
64,59750.30986873037,0.13324813368338875,46.42722759867544,751.5626860527211,0
65,66274.88034284988,0.4705603246450295,53.29152530132431,692.5909720603045,0
66,49135.87854103599,0.3872365565899559,41.9652116970147,708.5973404583907,0
67,62042.39477470429,0.5209143883791361,47.09003757588512,689.4061966469772,0
68,54339.63230057161,0.16988618831314475,39.102643057127736,728.1235985263257,0
69,42258.56294473851,0.49763365592994513,54.40117215449473,716.00585783196,0
70,54336.74726610097,0.20081366002387227,33.2360769794073,777.7374097085049,0
71,68456.43879759163,0.18182797143285226,58.00940432910816,771.8172848762596,0
72,49570.08753068058,0.18213289896549648,39.59842049355657,707.7022558445835,0
73,68775.72386976807,0.5072873601156911,25.69224897881952,718.1072870768448,0
74,18563.058750923068,0.4325986103481001,41.28104414910789,713.4949229996616,0
75,59862.830052502686,0.36153271238455964,33.18948342525119,705.856507660496,0
76,51044.56481885805,0.2794152420617513,48.406435489887244,728.1586113857969,0
77,46411.91179440959,0.5386002704065541,33.47376020697609,689.6015819584592,0
78,51101.12931842603,0.29622255371131767,35.538165667852205,703.4808220162528,0
79,26149.173024789285,0.5082997197357886,21.104592690544692,686.6826792429057,0
80,47363.93734594986,0.31956745428510924,35.47693680750923,714.2578200511068,0
81,54285.350858140955,0.28847221471245377,15.761206733710434,727.1805293855492,0
82,67734.7285368982,0.33133989283480325,24.16097176514277,704.320177126861,0
83,43780.75738071623,0.2506889370820711,47.604146561442974,717.8075492273607,0
84,40298.076765281745,0.47380469008812554,47.85800158650832,717.3704333405989,0
85,43978.91547698556,0.3513601950462396,44.254575617849646,705.8263679826704,0
86,60984.82541242489,0.21610634757340866,30.33023856870787,781.19431418632,0
87,53945.013315916214,0.5497872866372843,39.5228864385802,686.9520748351839,0
88,43642.87755479554,0.29194561068660574,39.963974609094315,725.479934209788,0
89,56159.20919736027,0.3717764305569943,28.416353108074574,737.8371430419135,0
90,51164.93059217648,0.5532360554822735,55.0339830176715,666.6014660013784,1
91,61623.73988639467,0.412118997956996,48.77362290575671,680.2113033076353,0
92,41575.36287347177,0.15844902035418204,37.79035826170336,695.0001791228748,0
93,46068.05424082678,0.5699160618067376,40.26885838994531,720.1635477565051,0
94,45294.702162414105,0.4138540265357089,42.08382807947552,693.8187389380728,0
95,32437.820622414576,0.26745280732854304,19.582651315757094,767.6022274180913,0
96,53553.44332477491,0.16963603633169363,37.52822617479403,727.144353420979,0
97,53132.66326615867,0.497012594635148,33.180157520022014,704.068480596646,0
98,50061.36147970953,0.41003637796425674,29.983799901050844,744.3893725927791,0
99,47184.95439949824,0.3667305459881608,37.18899707114045,762.4871187405676,0
100,33015.55109539503,0.5469462915254788,57.976865268495224,741.3049079434161,0
101,44952.25612681569,0.49429860561226535,46.4084286126701,730.0593422991443,0
102,45887.425801678764,0.1758374398663756,34.28821010217203,758.3551160537506,0
103,40372.67276934057,0.25586103389777415,45.72582781356159,739.27090178455,0
104,48064.57146000789,0.22424456990723288,53.99355436586002,757.9981128662345,0
105,54848.61028177446,0.47197314628633846,49.246336829127685,698.0856361774095,0
106,72634.23081452637,0.1167662173678897,40.59630369920174,743.9386183315177,0
107,52094.93375398207,0.3849448424356583,33.53063222294426,712.163520587105,0
108,53090.60468867317,0.48122934287034524,46.982233136135896,703.9614636114418,0
109,49106.649010805995,0.5383828183808748,43.934853854217494,685.3161066968665,0
110,26974.7454164115,0.27104087435795376,48.95193220027733,730.9405436967313,0
111,49681.8334946094,0.5106286523360064,46.351718016819696,725.5285177380393,0
112,50722.762519292315,0.15531586847760362,50.49552715319335,749.3982415320141,0
113,79558.90534982344,0.5232261458672591,34.64764788439432,755.1220627443663,0
114,47691.66842262653,0.1637443311659912,53.173940656343255,716.5487574730163,0
115,53618.56810800335,0.2986436452801836,41.975996046923996,723.2041285942496,0
116,49583.45876353708,0.4986476828897768,60.75260872625265,692.2847914121127,0
117,35975.86354856561,0.1749587136743869,33.10812181910432,677.6762906806517,1
118,63713.87377418025,0.21462569761632075,57.359638031652494,751.8288171751446,0
119,59023.19639224129,0.4611262841965331,41.979107834626475,709.8292692179404,0
120,59492.383364516565,0.46001826827303716,33.48581996385552,746.9708680618298,0
121,39087.35054246313,0.4205738164426487,35.16114165945678,714.1518854044505,0
122,66833.53173123319,0.44697422223355,36.7965269180568,692.6235115677589,0
123,33177.78724649263,0.37136222167379807,44.241659464019165,750.4519070867026,0
124,57042.285125603245,0.22589952945347638,45.228354880355,771.6659043943768,0
125,76285.46750971975,0.2728479967519597,34.26299996061421,759.9705569645632,0
126,38113.56409843174,0.19079885840071284,39.756454077390174,721.811112838109,0
127,43204.42724476674,0.5542252806668142,61.42270358611864,674.7818789907681,1
128,51195.81638105169,0.3916958973830602,57.275431701007115,713.2856918676015,0
129,43958.29215060561,0.3004257083818199,44.36323669674032,748.5158825556409,0
130,31392.03882720641,0.3310029018220664,40.380034781682,752.6979578823234,0
131,50822.75569767233,0.5736416698059077,41.200313267182615,731.0024490218249,0
132,37252.35543528674,0.1766757015580401,46.13517972730416,719.4471544802597,0
133,55683.10916762218,0.39311491600839865,29.772074348015945,684.2682987548725,0
134,38966.90918919436,0.352944339442233,37.42623462576655,711.0554801039509,0
135,68599.21286021048,0.40572711771732395,23.314159261224106,673.6382116536303,1
136,40600.960491965154,0.10905509191042026,43.992231226052795,749.4694658319677,0
137,46135.261805531896,0.5360619544720757,46.47195939702741,692.1266899488235,0
138,59762.20660843604,0.5660591412418062,35.16813537700626,685.8158234795293,0
139,35229.62820279253,0.3825665917946045,55.73986763290033,670.2780686816617,1
140,52729.51921524955,0.4483254119384461,27.742343369976588,715.0957402888173,0
141,65685.71305138913,0.5612496905886478,25.3562511979018,684.5592121778767,0
142,30710.20118526527,0.45361931715669934,42.24451818559972,662.008181089451,1
143,52215.60630238765,0.17626952145713068,50.470983026121544,674.0490786480741,1
144,53118.59353098108,0.38814418008340656,56.83927691457869,723.6493390457996,0
145,59381.87446132772,0.4033575231914279,35.4111573713106,761.1144653884896,0
146,35156.59146946302,0.312065335651193,50.78680833431296,757.6023174282806,0
147,34154.52064298868,0.46822211781236145,39.61491530499293,679.5170136147472,1
148,56263.298787402775,0.5671835073845074,38.273727000591805,681.0301801350328,0
149,53563.816078798234,0.5627842564533881,48.83659937486672,711.454598177941,0
150,53005.91420415052,0.32541968570206603,46.5232287841342,701.6563474914323,0
151,54157.37851396371,0.15661902292037763,24.236078430157505,744.1944567712911,0
152,41839.70334105811,0.5924205994811673,54.76540349725896,708.9159994433531,0
153,52787.044365932044,0.519449043222967,53.800913541474515,737.4695376738346,0
154,53516.869679584175,0.16233134060163343,33.74437298490471,737.7020694519248,0
155,41427.78298368359,0.5604209413086861,43.95803533437409,682.7788873426673,0
156,72389.29413373707,0.5349481810310641,44.94030186282739,694.2382398457617,0
157,55685.99505094145,0.3594190285630361,42.60673765823907,702.0498725913119,0
158,35704.35803356822,0.3956377178724646,34.4969484615458,692.6734622153936,0
159,57878.64330360596,0.2995013519350651,33.283766320619485,736.188773241391,0
160,38303.81995727214,0.12738081941101567,39.744459290085544,758.0692029373698,0
161,59445.015244909424,0.2675986208229505,51.72729019259364,721.2283490264617,0
162,63903.14694808885,0.5014267242990057,45.43600154594432,750.9865256395505,0
163,40151.812179779474,0.10231601150230143,36.29385667913894,731.2123666770527,0
164,61560.513550931864,0.26674958584557207,47.716987106483444,740.5627717338076,0
165,54953.37112323798,0.2990843467954717,11.514573793699245,695.1495702012879,0
166,59864.72191993388,0.3686978014689615,51.48765700372103,668.7858633547087,1
167,72761.51579184737,0.5599278082063802,22.602862212219005,724.420441663848,0
168,47055.342607965555,0.2731729971829806,36.37559058596868,741.47240714471,0
169,40955.166027710125,0.2734766009481139,28.80330105373856,707.3154023073084,0
170,39325.82684449372,0.4687506240548742,27.053185242790942,690.4119471410273,0
171,40210.27658041474,0.3261089704449036,51.608267873785195,731.7377591904385,0
172,49074.77948703075,0.212302411469991,35.32298798688109,692.3813817845028,0
173,54093.82369779973,0.32621975806634673,43.46503881730716,712.6348904652745,0
174,53320.28959196023,0.17042851018989993,39.53079421120816,761.82682454693,0
175,59926.19898843228,0.18819349325311166,44.770408272231215,716.3857085572569,0
176,50156.02270253489,0.34918388636973985,40.768218910602556,725.9458095571262,0
177,67442.40892588781,0.309462724752274,27.170077758114303,696.4888939339094,0
178,46824.118001144525,0.55742295053405,49.9626681944714,707.2106239949036,0
179,82642.02999907543,0.28119694955831653,35.06243416838687,749.0101700790187,0
180,57508.008173180075,0.39029417513902176,24.43418101340249,671.0099006309249,1
181,39714.10932300461,0.41613214395976517,35.718848390340874,728.8133382398315,0
182,37149.29002326665,0.10654722829416682,55.00759790634311,726.0727741565337,0
183,55789.66898291822,0.4317686860083553,48.50221742113493,696.8142906505399,0
184,47318.44657608979,0.18901798343487572,36.51347865592141,738.443568507421,0
185,58568.0059291051,0.5805351587347276,36.50742295681571,724.1598309092425,0
186,55678.85149488254,0.17433136387655648,36.783649487826175,716.6195968001723,0
187,49126.05304811753,0.3073120618635119,60.76747983560841,734.3491311788761,0
188,39838.47538317914,0.14267483403932193,43.819354522315535,747.3798899912467,0
189,31821.833303769625,0.5984371259229737,44.300416471910694,693.1228599497929,0
190,44641.82057519574,0.3510975051656213,50.30283454031842,723.1442119923719,0
191,60276.785531881666,0.3976925086600219,42.387891590265134,712.5165772043522,0
192,52569.124929562444,0.13353823869421375,37.40957854179297,724.0457450550228,0
193,35051.134655456146,0.4749802351995889,38.03650150915022,692.2151273311488,0
194,52078.171110214185,0.2049527965477929,39.283987405859364,709.9067197057257,0
195,54623.808556746044,0.5490271447203569,39.627777634901584,624.5959162090396,1
196,39393.7107655864,0.2025698202410036,47.2762954363698,741.7587330056754,0
197,51844.701271346334,0.1953438603318333,40.519458858072994,760.8925982334483,0
198,50698.504621351996,0.11827483392404745,47.32640077215579,690.9557131237278,0
199,36284.35642603252,0.3360334725549996,39.19283419891418,683.0566179159347,0
200,54293.4483241794,0.3824205666313082,40.786351903160906,733.4163231402969,0
201,56729.41431641881,0.1328543197141762,20.017993154678923,790.8873964075658,0
202,62996.614918103325,0.4877638083475053,49.16327674702482,716.9671159981796,0
203,62645.62462441884,0.32664441737401384,43.46488475897993,714.4515384634151,0
204,33467.9675845149,0.36219513466379005,49.98010109859652,703.7285974296344,0
205,38746.09952101853,0.3203813734691141,11.037446218063106,732.4417483882572,0
206,56180.42320650392,0.300381530437663,60.883747047807276,723.1913239584737,0
207,56165.431410946505,0.3798201656541089,38.604103718448265,698.6761769432319,0
208,56180.572235672575,0.17762012296535626,51.081828167375164,737.1023690618321,0
209,96232.77788785665,0.19096406524763557,29.60094072874469,745.0377896384736,0
210,56850.686128318004,0.5308928105067586,46.1277390506257,707.9040390670261,0
211,63626.78768216719,0.5730577310668163,29.46584436826344,737.4843860635865,0
212,61448.02116191843,0.28665465813987645,33.76231039304195,739.7179949771712,0
213,57816.695015669575,0.2353723365717769,59.14031353866786,741.2699948400991,0
214,46216.76906431585,0.42199977161950786,38.09317599236653,698.0847489304064,0
215,59107.63064591921,0.30436708554904823,42.17432873179723,692.7694483993317,0
216,40726.09742554914,0.11269317783017244,48.70067730688754,765.4857796829414,0
217,47158.176719119896,0.17807629868309519,44.95681887972604,736.8898650478676,0
218,44175.63742605076,0.45798611442369874,41.504189051435766,696.6222728959491,0
219,50982.48967263587,0.42946197095507566,43.64961002466225,790.9030494319522,0
220,77775.90280008211,0.11354799625174175,64.03415585238275,788.0808633251903,0
221,27592.817688899024,0.21098608096647473,39.42381202966415,697.6730541975948,0
222,58235.122284494166,0.2155373982940357,42.010990467149675,731.0701653607473,0
223,30647.409545724182,0.43594637179936424,50.50654396007612,726.1687777306125,0
224,44336.8176105268,0.10985526887718208,51.05525932957984,750.6462117513937,0
225,63067.4071636084,0.15205429099228693,51.8703030556038,722.18561288168,0
226,50771.36022914555,0.4999580426865947,46.38730222029184,726.7964975354511,0
227,37067.06266484833,0.1892723310271668,28.569950872695166,704.5223437064914,0
228,41416.35548888038,0.4263730539259374,56.334315323010955,756.967919986936,0
229,58155.17298721611,0.21909139052336327,28.53654606981312,761.5026462047422,0
230,41235.60041939436,0.14972069637967259,43.02635465239033,725.3521267046813,0
231,52597.503074983695,0.22158609549972705,32.45724149980642,763.7417007933008,0
232,50546.86207884576,0.46113346592782956,39.35861653407007,706.4771697819571,0
233,42180.795828730195,0.5278482340531429,43.2876241030348,713.3660025061799,0
234,75727.3290719039,0.5151099322834958,43.21357215450273,732.4937778931169,0
235,57607.02826781613,0.29859176480922744,44.21920754235285,711.2052982335503,0
236,25698.288960108715,0.43404256828532306,56.13711269058647,680.453333511205,0
237,52237.45177723313,0.2024921477079105,44.5353430151398,765.5075956439362,0
238,42058.562422779345,0.24657386513050664,37.558433647093516,714.4678196434459,0
239,60229.200017554685,0.5481679092605599,49.64087168288357,697.1324351631683,0
240,40489.751138807595,0.10650096175536802,51.894704889246405,721.6809734612913,0
241,48623.16270239721,0.14275426542723404,27.723921848630077,746.2199558748011,0
242,56059.847347765484,0.20394312757301367,45.97400069849858,794.9248258997787,0
243,60389.06233004146,0.11326610193690986,47.01172742310898,731.5368584868016,0
244,35596.44311533069,0.19071771754489866,37.02436496640008,724.7086972868957,0
245,45985.98516990862,0.39152078048484606,53.75706813311619,751.9903424296892,0
246,44300.65626606852,0.310712275296249,38.499444129674735,715.4137392609994,0
247,42160.04920911546,0.5463358555384874,41.255764534715425,700.104913876275,0
248,71185.45088337317,0.5087217808692205,38.2692817571613,688.4765496773007,0
249,54859.78053153147,0.27090867584893796,40.155790475814676,742.1643559914512,0
250,34869.392547979456,0.22971171671564625,29.037249131047982,710.1701259729163,0
251,61014.34336465731,0.2898462040836335,25.599491174057057,751.4729256807149,0
252,75465.87436415159,0.3951474712574039,55.94505063224972,770.6121795456764,0
253,62389.58312661376,0.23403182041143814,31.530386516816723,802.3321323607922,0
254,31767.56040855184,0.412074453924567,30.086076505436928,705.4989814389512,0
255,44189.191125604986,0.30470582609562025,18.466098863962852,716.1646111155452,0
256,65202.93379023948,0.3760235904259901,33.610382523104974,728.7043149820588,0
257,41507.966412574635,0.3180632645676583,26.76910206592502,699.594175094636,0
258,55325.833137754744,0.24723287977095884,56.42015160136369,751.2648928249129,0
259,59295.60864115204,0.5742266534810784,50.09817089342634,696.1933386884297,0
260,38876.834341063004,0.48180289707988044,33.118496548222765,694.0558925041166,0
261,49285.6957272584,0.17005658788322628,62.52435805344309,783.2238834527401,0
262,11104.791919171126,0.5342339879489564,49.81765486991594,644.521018284429,1
263,37707.34830398852,0.3437155991247568,36.75168616491378,735.792813858903,0
264,46969.18218328208,0.5472761134470457,15.005942851264269,712.3330602421089,0
265,35026.601816421804,0.49992762797365764,62.90942572590742,696.5329657844753,0
266,69588.93564717962,0.31260675223461676,26.10427533236404,678.1641034405569,1
267,32838.30346447241,0.1112346541600587,23.54601253043108,709.4999408602256,0
268,44719.4661596362,0.23433867969247305,50.225704320096405,765.192647188688,0
269,51568.886927433094,0.3708171073304335,64.39752406339272,728.3841171365187,0
270,67295.2794687934,0.4167391099130736,53.84272818510518,705.7663386706457,0
271,32769.654185846724,0.22894384271660115,45.639091200523595,708.9426347922415,0
272,63957.965025859514,0.16967803703641207,45.94754341665286,774.7942799472585,0
273,50122.796732235045,0.5174651183996496,48.53415558780308,715.9378401767661,0
274,38221.89618742459,0.592201090351776,47.589285897867654,677.3347265774181,1
275,55545.24169115925,0.3628450911513429,42.811914239693756,713.130129239246,0
276,52388.71634688164,0.18583964292415175,41.04201103951876,730.3372677202709,0
277,42797.39747409446,0.23615366325968448,39.374068721004775,702.5262581361533,0
278,50837.62501988023,0.10919533827373337,32.46035411133324,784.1812287154589,0
279,45376.23683765888,0.5571494032802495,37.19324923133226,679.9816739618797,1
280,51362.20814301498,0.15887554144507057,23.070431858046145,763.988880490664,0
281,57945.56809425256,0.38825823775712676,39.0166037320525,757.3066691086343,0
282,69032.20179374423,0.237027610343603,30.114088928490826,766.7972651117076,0
283,35146.214014077814,0.3770890012578967,28.96410682784229,686.5578366562845,0
284,75596.4004958752,0.42571019417593214,41.798941511534785,740.3846201097708,0
285,26574.946405729977,0.5148709018536008,53.92002286344599,685.8305701741019,0
286,48178.578859573,0.2032106358803016,49.183166060023126,716.1566232937804,0
287,57059.80647781492,0.10549791432924024,24.294993963768228,753.2445744876674,0
288,53371.90241282039,0.16844281503440364,30.103718634296627,708.0602486642812,0
289,42527.605762152874,0.5500093209240525,49.40771187988216,722.4168067503161,0
290,47502.532995712696,0.5369450387812577,30.175126064616904,677.0407523426679,1
291,44083.98878409401,0.3987065510851542,37.753668500029754,711.3282305438926,0
292,42927.62291666946,0.4002584302168267,45.50052099024552,716.1435439910927,0
293,60195.2251642523,0.4325183372731277,30.316555451363648,704.9396330417063,0
294,54284.185831580566,0.1876856393117248,41.0537550614596,756.0992945154693,0
295,41685.08485687215,0.5572059729624799,26.659745050817953,667.940632239846,1
296,60795.198505199005,0.3093852624460366,33.98632356048786,750.2855215273098,0
297,53687.59425051931,0.2915692641247487,43.19781934142537,695.9111813699897,0
298,59754.34542606752,0.35945885264141875,24.070062664683306,719.8629348448857,0
299,57555.54610308335,0.12348298338752753,44.40474737960399,801.9020775422225,0
300,40052.05986893513,0.1831416843780397,39.803622010733186,704.9581736600105,0
301,43277.82751763637,0.46901680821318525,45.524899544171475,684.1590705374913,0
302,58967.523261479146,0.14139933396256324,42.23914134064661,764.173365445472,0
303,57324.44318520158,0.40157605473319413,53.64140429973844,728.9806746785371,0
304,49749.180872430225,0.22267455484066048,41.25224502647907,742.4702731121434,0
305,51407.92859970538,0.29464780702098825,35.70594458874747,735.8512565853111,0
306,65331.9787494611,0.24434686838534994,41.222975030322836,759.4234830225327,0
307,42901.14333397004,0.27783635823247455,45.43298029036388,751.4395378733666,0
308,56565.16857404046,0.4595229525921227,40.48860070325704,720.599147323019,0
309,47573.68817079327,0.24856085781158752,40.405916912038826,722.4031646897998,0
310,47387.825561273356,0.38320232014844857,32.980083121932445,725.2303661222394,0
311,63185.32222384628,0.3380252010995498,33.37099082449052,774.1677774317567,0
312,59904.99618785636,0.43183558268132405,25.973947282003067,705.7748570099634,0
313,59762.11563200766,0.568414869662379,57.495767431869396,683.9845592452892,0
314,65665.74568585194,0.4662860486051251,27.56136764608715,738.0359712712844,0
315,50252.046099593106,0.2074701892953784,33.07094802204092,728.8311590764097,0
316,58183.435655539564,0.11559156753064234,32.81592734430802,694.7669854425577,0
317,46276.79892087853,0.23113202214991255,48.949243769444415,754.9457602921962,0
318,53889.9962298613,0.39753896535012745,37.05050321707972,700.5493681015656,0
319,48438.283347587785,0.12571290674212518,52.477420726737336,747.64045617478,0
320,51163.95157991262,0.3481831236006182,33.26509375756132,724.0812415748619,0
321,57141.884305242966,0.39842142445844464,42.78994162223802,724.0603993147768,0
322,40181.35180119833,0.26712194540848044,31.646529467402427,733.6500081541182,0
323,75108.64730822553,0.485456101872911,61.45149127773388,721.6707719964519,0
324,37927.791422003575,0.1532991265668859,28.124015809704872,738.8359908088311,0
325,35429.736646547215,0.1375688908679044,43.09820710227027,726.8959590246264,0
326,63897.33048200081,0.46409437810180165,46.337768809320984,737.0656854402326,0
327,59499.952327555235,0.3477456581030992,44.137990974514985,743.3236654772561,0
328,57489.437804625864,0.44420119821386805,38.147123411222914,688.3750006125332,0
329,57540.14611117136,0.3174136693018731,38.70179300266574,754.442925978421,0
330,49853.038725837025,0.2232010166195534,40.438114719791095,719.9182802183676,0
331,39232.94754217002,0.5095511588370999,38.529979983715116,709.7066539221701,0
332,50909.65469832472,0.49970793948448966,49.638791167949094,714.764349439529,0
333,41874.05946185466,0.44734823542721336,62.10523001591351,756.824666246053,0
334,61701.43680101301,0.23607256861498135,34.425082149921664,732.6583327226772,0
335,48235.31142197434,0.3951153334345435,26.301970204209223,695.592474324584,0
336,40094.03363848986,0.28048694847001343,39.117179516487454,717.4898927054408,0
337,46143.36990016408,0.14579103666331708,65.79709337654319,744.7388236379479,0
338,54955.17745130749,0.5586567877311214,31.963254320302692,712.9055021420141,0
339,43235.3053663523,0.1684093154594807,56.391168054440676,702.1669452542498,0
340,40133.355253202826,0.5751186769104012,56.77700814076441,665.1388865650375,1
341,52924.246537902945,0.3230028864789779,34.46411758292005,694.1160366048252,0
342,52939.59885330468,0.19256646441930983,45.689830791852756,765.8463085475922,0
343,43916.68189554644,0.3709504736891791,56.283966231285376,761.5266061039265,0
344,44347.54033258013,0.5364729179382042,36.20872259012513,686.5944129451054,0
345,52784.59924829163,0.4661124432047806,37.964196398976384,701.0557413337975,0
346,32622.98790203211,0.5032805739307249,34.18319086051356,684.5476209580252,0
347,33110.43470748134,0.4293916833553587,29.852432693071332,718.9345196750824,0
348,41378.66934497077,0.44613828225892627,33.50722454933993,673.1361255248111,1
349,47438.63417945783,0.5245978257826597,27.760597332377436,694.8386914842056,0
350,53730.89078717605,0.22483400442959298,40.34083468259226,760.5549901840466,0
351,67704.27460339462,0.3447124818215702,32.30026768941358,741.4754099573303,0
352,60291.915478424235,0.21060472090980112,42.33785911790748,748.8694358474856,0
353,48080.73764043888,0.5938340039983235,24.44104353796373,704.4511837157125,0
354,49771.80550516774,0.5720296698433066,43.30880232214457,625.2474778590288,1
355,37969.6476243463,0.11971340568425295,48.33528961608925,757.124637213684,0
356,49777.84236809132,0.4527875862578442,20.062643574285445,679.1671932524888,1
357,46536.09633295834,0.5626241587078329,43.74056569847572,645.8184384492531,1
358,53872.62272405707,0.19028767256366677,52.27668992473292,759.1819874220967,0
359,40073.22867737213,0.38397261527631477,27.903589813087947,734.2751276443579,0
360,56232.158170894065,0.5577441487940209,56.72572386837703,702.9830777499291,0
361,68392.86695603094,0.11697298929289943,44.190190093660455,786.5944935765805,0
362,48694.87821851771,0.44871013362341994,32.949881442415915,741.892583710928,0
363,54820.5406651873,0.2486745036862754,39.44230922342294,766.6095080411094,0
364,58281.72790053335,0.5621980976882652,45.58326912521722,742.9523583947282,0
365,45185.354337369965,0.5855291225826839,40.760053914124114,704.8180029938334,0
366,52689.109781725,0.572133244556717,45.387559924463694,698.0749194133456,0
367,50151.10880938154,0.3371071083287319,30.793264069206337,675.0155207852314,1
368,51172.11318258598,0.5310213254946567,41.69360824036078,691.9103734036418,0
369,40723.8825937344,0.5222746992675352,25.8628550309502,661.7564047954536,1
370,50294.12209110731,0.2595502366216278,38.887739386513,782.8067069089924,0
371,55975.97949494539,0.5144577370753387,30.960923585352102,694.1291716287832,0
372,67413.7232935405,0.11850381735774632,32.64470057410233,759.1129910085662,0
373,61511.24991302248,0.3981349392410265,52.36093175210438,741.4004074985587,0
374,75838.18949013867,0.21500441864385153,50.91310120594269,761.4166331171315,0
375,40791.829245343404,0.1602834428886394,46.09138120907177,778.8214168649428,0
376,60467.847640648135,0.13847660081460458,29.07687235327421,730.7292881480417,0
377,52200.10406886022,0.44814438793906985,36.83591550305198,711.2659008348568,0
378,76277.63519861207,0.2699374818840331,52.130976999791834,736.1333341902504,0
379,40300.420575738186,0.46238338576438076,41.417169136399046,664.4623519565467,1
380,39923.337893830685,0.1326781703994712,63.19329539981695,732.3197102944043,0
381,42807.28825467173,0.2576451689153052,43.93317839394372,724.3690796046624,0
382,24513.251308282317,0.3697456461876686,41.92049116490031,685.4688134736243,0
383,43690.939739830865,0.4953615824194818,36.908835357974986,676.653255083668,1
384,40890.40806135563,0.25937625146603493,41.33540904782282,687.0969442052758,0
385,51804.72543771449,0.4129456882185045,38.47530163619456,709.0503092663308,0
386,54101.071709325915,0.5429888741180936,47.0810867668859,664.0447265059573,1
387,72514.05007059063,0.4079315940911523,49.56702316794584,752.8443594417471,0
388,61405.0860582326,0.2164797373768169,32.140105394920504,741.2775468821908,0
389,43077.15613205116,0.11220039077826902,26.68767046442222,697.9027257578365,0
390,39219.0239438197,0.5350494369504649,21.637946268967035,670.2580329292368,1
391,55903.03005807807,0.11063470542519357,45.079913269125434,735.1823058902374,0
392,34157.2015157523,0.5373508363420997,28.966333938261265,685.30619058116,0
393,71977.50519025224,0.36446856701360597,18.47109407047517,756.5925842963853,0
394,64153.28144865544,0.5695338492564481,43.885786045309644,658.0421445296618,1
395,44369.892174743545,0.49939161788683273,64.9299951743279,710.9095691592242,0
396,29442.38565090947,0.5989670552666687,39.939290884601064,667.6441874418617,1
397,66246.46848998495,0.27535590772585505,48.38490774451642,760.9304216484052,0
398,48625.52185696858,0.4835941444655635,40.81829358547565,706.6081826483872,0
399,64853.79574368154,0.30096545680462106,39.01110346808857,716.4735002189645,0
400,30866.868094467594,0.33993781015195446,49.190764829877686,700.5199912806129,0
401,42807.49972455473,0.413752731609185,37.097254558113484,683.2436528455111,0
402,50062.9243966182,0.5368385570931694,42.673923140719026,723.8668527014387,0
403,50563.767125176906,0.5920417345996476,43.216978061960134,691.5472857959624,0
404,44599.21434224908,0.4841367069322591,33.31909546356951,741.7722815175382,0
405,57474.19918816999,0.3088833910836669,49.92042349536523,732.3570438228131,0
406,37188.55484740887,0.3106785011385351,38.25040243304591,693.8844557850643,0
407,48291.446179744475,0.4687911507944458,32.442548405071555,660.7566332356772,1
408,51443.547580542785,0.21938857288415117,45.365098435704034,692.4322666297895,0
409,56173.26600870499,0.15523705656569733,31.015320182089628,702.2144275349879,0
410,58539.378537066674,0.2773110788203883,40.281811573691286,740.3732454333395,0
411,36504.29489794557,0.24361949582704087,39.90881003355796,732.641627016639,0
412,31590.629951172534,0.24815406022799505,50.85895565831578,681.3937270119333,0
413,65332.12186278211,0.21680387552495498,44.746982328799525,770.9986814435337,0
414,53987.7681437551,0.12104659481818095,39.74973041254856,736.4629620510107,0
415,41018.16156132136,0.10893696736670691,48.17766299200287,747.5007499606925,0
416,68613.82370627028,0.5938611948680158,53.90207549017313,750.8842690323264,0
417,51388.095611514305,0.31388656686793115,45.578103063518626,748.6541228934574,0
418,64151.566208765915,0.2921633235798409,40.103526198433805,729.600151039003,0
419,50810.22177692131,0.43982364134653495,26.881637676498404,679.03035366282,1
420,74728.97509858385,0.2091269439325321,29.348863369246274,695.5669934583539,0
421,71064.09010931845,0.5749805919751126,36.94775295645332,688.3486445476074,0
422,47012.43021825112,0.49317250720777606,33.90487797840717,690.1034263281789,0
423,61658.85141145227,0.14470550115612976,38.13028697014554,726.3480762967195,0
424,57744.51139502177,0.30879038789246416,40.56649924897107,726.1425880160996,0
425,66423.57869038818,0.5395591537810823,45.29692754356731,712.9615253443335,0
426,38420.91847303875,0.5723660111457052,39.29501221940909,676.0789200054489,1
427,58232.61751998127,0.33370075562493484,44.86501643826202,712.7244470395374,0
428,62701.093842195056,0.4067056946053539,40.6447441481012,725.8949305943324,0
429,28895.12616292263,0.18351697304603762,20.245334336461287,722.2652475722796,0
430,35800.8978480107,0.5955843130684882,30.606646061812455,645.2139468050251,1
431,25529.213866878792,0.2158358506917217,38.55912444278385,749.075940725545,0
432,46767.117986665304,0.5713658870675629,27.903052571588923,680.3366109199126,0
433,58610.507069551546,0.4248233244961842,45.99928729996205,719.3804909397014,0
434,68028.28462515233,0.4038683974394296,55.30750832343698,751.3175347505228,0
435,50889.1373650373,0.3563442555082543,52.18761851697317,729.8742117711134,0
436,69543.3865468555,0.21533490585887935,37.86557129069792,772.555722027599,0
437,33438.7825014213,0.18826401600275414,54.90726136849952,738.7910788951019,0
438,29559.410727738144,0.21024310453508768,41.486674572021116,703.8507589579795,0
439,49333.42761324057,0.19321913107212726,36.629140288819606,743.6326046364995,0
440,54608.78538727169,0.4897922367833767,33.8659733645906,673.251791395091,1
441,49607.66302287088,0.275062629583365,36.975303135118715,727.8802590802654,0
442,25190.69479952148,0.1289213382816982,36.118231814587716,721.9103613869958,0
443,48930.55952584654,0.5845513150704057,41.70416222375488,684.6474494922925,0
444,34346.36599394176,0.5418929424817128,41.60573981049865,680.0393718166239,0
445,58036.070585960464,0.5638761415976065,40.03046020153415,651.7327234403817,1
446,54399.178953162176,0.5974539113232177,44.369381697463496,680.2914419589513,0
447,38721.44256407174,0.18694762460974365,51.906462747863415,736.8177930005477,0
448,43833.596991959676,0.29812100945132936,49.495541354413234,728.0365369365499,0
449,37289.437737332584,0.4791192378520457,25.151020315500965,659.2208732822222,1
450,49247.85083272194,0.4480103090268961,14.46078865098045,724.5101339300578,0
451,61461.70784601486,0.17694795316992754,49.34319911239274,730.9528402472545,0
452,38171.28744397347,0.5079165624953089,26.33121301584579,706.9890789768331,0
453,56048.55818621413,0.21222028591833034,37.75234598107316,748.9284442761004,0
454,43636.90857953071,0.21190880741131154,28.298869739406406,707.4742220978753,0
455,40485.52601285187,0.3684872114467068,21.9801956241998,743.5428255640144,0
456,48715.6356805453,0.3964699674208516,45.41462728204788,684.262505301046,0
457,37577.09213096751,0.3900431039189056,47.59155160302647,730.0311313762686,0
458,43356.20833583381,0.14574341869887744,34.2348959927328,759.3277623722427,0
459,35625.46528893382,0.5387304313151902,14.089577078550903,654.1320037856835,1
460,73576.70159499667,0.23280002129435304,34.53755551747517,783.0057689810207,0
461,50423.16262366074,0.1647574606414021,43.91804005402547,736.2754919839991,0
462,41603.293904088976,0.5443740399344886,25.210884312258713,687.7805332192584,0
463,52567.75892881066,0.5778257491148767,41.83359919779156,700.1399628174396,0
464,48652.06340371004,0.5310638086327253,39.846901508270044,691.7597259044123,0
465,47348.364805601326,0.5047580373624391,45.792914996010886,720.4743916879884,0
466,57370.0004005211,0.42762099031951084,41.19580368414153,735.0166013379517,0
467,59090.09252056766,0.37542868530456963,30.269310591184443,673.6419877445434,1
468,43633.98622867367,0.14349337995570507,51.965715016644914,776.2793469685306,0
469,43090.18111226384,0.3042266065353494,38.4147042697303,675.6100045395424,1
470,46699.37963418027,0.28634425850615697,39.72695460490068,748.675325097597,0
471,22376.946023172983,0.2298768918801631,30.66732040926804,733.8176184182424,0
472,31817.707253617373,0.46171005684429245,35.567177488084894,660.5583869702413,1
473,66402.4912093343,0.3479378675393854,31.15197285973099,716.6750780937421,0
474,69739.6125620154,0.14052310795382397,38.27053940076577,730.4215700833878,0
475,47011.56752532346,0.21009160097490567,57.11708480142343,735.5837785467635,0
476,56918.683556669195,0.44162938182979794,26.280988570686436,697.9790582064593,0
477,53735.00185452243,0.1380654297451501,23.86438602123259,757.8438562315497,0
478,86946.56970146285,0.5256034570243844,54.711703274936085,766.5984112087024,0
479,63434.89893721492,0.34757326350698714,37.90676322848134,762.8846044129231,0
480,48464.988902230805,0.340293288663324,33.309272613400836,700.5372321244287,0
481,38533.51471279489,0.39620389232975883,50.39904687396076,703.2513212840321,0
482,30722.64415690913,0.5123404829625746,33.94384460263136,637.9832248658101,1
483,52441.56363040668,0.2739046039510965,58.260097135469366,718.0679953355237,0
484,40923.79105658836,0.43900807627953176,46.77925871339269,727.5689838758597,0
485,32932.95548482791,0.38286598199789557,35.120885918542974,738.3524600960923,0
486,42241.125389089684,0.23351413508471067,61.57308213265503,705.699023370436,0
487,37021.42395662726,0.539314993177579,33.94285076996662,667.0591588901532,1
488,70245.69962087079,0.4987130108034641,47.42095372009307,719.4013313363545,0
489,60579.677083393406,0.4292259173292128,42.99292580406492,725.4571234597317,0
490,49904.32830420059,0.5252908645471209,53.01741289398798,683.1571773466587,0
491,67759.3296666803,0.5336471004799012,55.615111967268525,728.5788937709926,0
492,50928.41969177142,0.45418148835751737,40.320041490657665,694.554994219071,0
493,39664.589584060835,0.518506664181836,32.46582129653817,685.3824758417405,0
494,68277.48892723589,0.4487357308346418,44.59972142939117,736.7306703564198,0
495,56466.92052421591,0.44007038588015024,33.22284630247894,709.1370700102675,0
496,37553.046148082525,0.40930568910759213,60.13387247526623,700.083043200024,0
497,47715.9358629967,0.4763583197788206,41.36535331082737,698.9521818742069,0
498,39492.58095938292,0.17930255264653686,36.34678448687891,726.042076713228,0
499,33406.40322842797,0.5404353795994642,41.84680305864909,673.5460028130781,1
